{
  "overlaps": {
    "slideCount": 40,
    "overlapCount": 0,
    "severeCount": 0,
    "warningCount": 0,
    "containmentCount": 0
  },
  "overflow": {
    "status": 0
  },
  "warnings": [
    "slides[2]: Template layout \"Summary financials_3\" has no chart placeholder; slot \"chart\" may not render as intended",
    "slides[7]: sectionTitle exceeds maxLength (80), may shrink to fit",
    "slides[13]: sectionTitle exceeds maxLength (80), may shrink to fit",
    "slides[21]: sectionTitle exceeds maxLength (80), may shrink to fit",
    "slides[27]: sectionTitle exceeds maxLength (80), may shrink to fit"
  ],
  "missingSlots": [],
  "fallbacks": [
    {
      "layout": "titleStrapline4TextBoxes",
      "reason": "invalid_extracted_columns",
      "details": {
        "columns": [
          {
            "h": 0.5275590551181102,
            "w": 11.14643372703412,
            "x": 1.088540026246719,
            "y": 1.2899311023622047
          },
          {
            "h": 0.2755905511811024,
            "w": 5.5078740157480315,
            "x": 1.088540026246719,
            "y": 1.9155555555555555
          },
          {
            "h": 1.9291338582677164,
            "w": 5.5078740157480315,
            "x": 1.088540026246719,
            "y": 2.191147200349956
          },
          {
            "h": 0.2755905511811024,
            "w": 5.5078740157480315,
            "x": 1.088540026246719,
            "y": 4.219412729658792
          }
        ]
      }
    }
  ]
}