{
  "type": "analysisWideChartTableText",
  "primitive": "analysisWideChartTableText@1",
  "description": "Analysis with chart, table, and commentary",
  "templateLayout": "Analysis_wide chart+table+text",
  "geometry": {
    "titleBox": {
      "x": 1.0918635170603674,
      "y": 0.4722222222222222,
      "w": 11.149606299212598,
      "h": 0.5833333333333334
    },
    "straplineBox": {
      "x": 1.088540026246719,
      "y": 1.2899311023622047,
      "w": 8.298253499562554,
      "h": 0.5275590551181102
    },
    "headingBox": {
      "x": 1.088540026246719,
      "y": 1.9155555555555555,
      "w": 11.14643372703412,
      "h": 0.2755905511811024
    },
    "bodyBox": {
      "x": 6.7362204724409445,
      "y": 4.2194116360454945,
      "w": 5.505083114610674,
      "h": 2.204724409448819
    },
    "chartBox": {
      "x": 9.533981846019248,
      "y": 1.0758639545056867,
      "w": 2.707489063867017,
      "h": 0.7416262029746282
    },
    "tableBox": {
      "x": 1.088540026246719,
      "y": 4.219412729658792,
      "w": 5.5078740157480315,
      "h": 2.204724409448819
    },
    "noteBox": {
      "x": 1.09,
      "y": 6.52,
      "w": 11.14,
      "h": 0.18
    },
    "calloutBoxes": [
      {
        "x": 10,
        "y": 2.25,
        "w": 2.24,
        "h": 0.8
      },
      {
        "x": 10,
        "y": 3.15,
        "w": 2.24,
        "h": 0.8
      }
    ]
  },
  "slots": {
    "title": {
      "kind": "text",
      "required": true,
      "minChars": 12,
      "maxChars": 50,
      "allowEmpty": false,
      "renderingHints": {
        "mode": "paragraph",
        "keepTogether": true,
        "priority": "medium"
      },
      "enforceMaxChars": true
    },
    "strapline": {
      "kind": "text",
      "required": false,
      "minChars": 12,
      "maxChars": 700,
      "allowEmpty": false,
      "renderingHints": {
        "mode": "paragraph",
        "keepTogether": true,
        "priority": "medium"
      }
    },
    "heading": {
      "kind": "text",
      "required": false,
      "minChars": 6,
      "maxChars": 120,
      "allowEmpty": true,
      "renderingHints": {
        "mode": "heading",
        "keepTogether": true,
        "priority": "high"
      }
    },
    "body": {
      "kind": "textArray",
      "required": true,
      "minItems": 4,
      "minChars": 180,
      "allowEmpty": false,
      "renderingHints": {
        "mode": "bullet",
        "keepTogether": false,
        "priority": "high"
      }
    },
    "chart": {
      "kind": "chart",
      "required": true,
      "minItems": 1,
      "allowEmpty": false,
      "renderingHints": {
        "mode": "chart",
        "keepTogether": true,
        "priority": "medium"
      }
    },
    "table": {
      "kind": "table",
      "required": false,
      "minItems": 3,
      "allowEmpty": false,
      "renderingHints": {
        "mode": "table",
        "keepTogether": true,
        "priority": "high"
      }
    },
    "noteSource": {
      "kind": "text",
      "required": false,
      "minChars": 12,
      "maxChars": 700,
      "allowEmpty": false,
      "renderingHints": {
        "mode": "paragraph",
        "keepTogether": true,
        "priority": "medium"
      }
    },
    "bodyStyle": {
      "kind": "text",
      "required": false,
      "minChars": 7,
      "maxChars": 10,
      "pattern": "^(bullets|paragraphs)$",
      "allowEmpty": false,
      "renderingHints": {
        "mode": "label",
        "keepTogether": true,
        "priority": "low"
      }
    },
    "callouts": {
      "kind": "columns",
      "required": false,
      "minItems": 1,
      "allowEmpty": false,
      "renderingHints": {
        "mode": "columns",
        "keepTogether": true,
        "priority": "low"
      }
    }
  },
  "densityTarget": {
    "mode": "balanced",
    "minScore": 0.75
  }
}
