year,revenue,cogs,gross_profit,opex,operating_income,net_income,gross_margin,operating_margin,net_margin
2021,43646228.04,9078415.44,34567812.6,26187736.82,8380075.780000001,8380075.790000001,0.7919999998240398,0.1919999999156858,0.1920000001448006
2022,45705738.93,9506793.7,36198945.23,27423443.36,8775501.870000001,8775501.870000001,0.7919999999439895,0.1919999999002314,0.1919999999002314
2023,48179930.91999999,10021425.63,38158505.28,28907958.55,9250546.729999997,9250546.75,0.7919999998206725,0.1919999998621833,0.1920000002772939
2024,49914055.5,10382123.55,39531931.98,29948433.3,9583498.680000007,9583498.67,0.7920000004808265,0.1920000004808266,0.1920000002804821
2025,60616961.61,12608328.0,48008633.61000001,36370176.97000001,11638456.64,11638456.64,0.792000000245476,0.1920000001794877,0.1920000001794877
2026,4693332.11,976213.08,3717119.03,2815999.27,901119.7599999998,901119.76,0.7919999997613635,0.1919999989090906,0.1919999989090906
